{"version":2,"languages":{"bun":{"specfileHash":"32991b75897b14c8d4497db3c914be2b","lockfileHash":"932c1296cce123aa682ae00c18ba1262","guessedImports":["@replit/vite-plugin-shadcn-theme-json","tailwindcss","@tailwindcss/typography","vite","@vitejs/plugin-react","@replit/vite-plugin-runtime-error-modal","drizzle-kit","tailwindcss-animate"],"guessedImportsHash":"36ddde7162d77428665ff0a9fbe22ced"},"nodejs-npm":{"specfileHash":"1c4ed6f40dcc5e3174ac769fcd076d7b","lockfileHash":"5a77cb51bec2a21254826688fc15a903","guessedImports":["tailwindcss","@tailwindcss/typography","@replit/vite-plugin-runtime-error-modal","vite","@replit/vite-plugin-shadcn-theme-json","tailwindcss-animate","drizzle-kit","@vitejs/plugin-react"],"guessedImportsHash":"18c6049d491e6f7ac5097a2434e44795"}}}
